<?xml version="1.0" encoding="UTF-8"?>
<Configure id="springRestDemo" class="org.eclipse.jetty.webapp.WebAppContext">
	<New id="DemoCP" class="org.eclipse.jetty.plus.jndi.Resource">
		<Arg></Arg>
		<Arg>jdbc/DemoCP</Arg>
		<Arg>
			<New class="com.zaxxer.hikari.HikariDataSource">
				<Set name="maximumPoolSize">20</Set>
				<Set name="dataSourceClassName">com.mysql.cj.jdbc.MysqlDataSource</Set>
				<Set name="username">DemoUser</Set>
				<Set name="password">Password123</Set>
				<Call name="addDataSourceProperty">
					<Arg>url</Arg>
					<Arg>jdbc:mysql://localhost:3306/SpringDemo?serverTimezone=Mexico/General
					</Arg>
				</Call>
			</New>
		</Arg>
	</New>
</Configure>
